{
  "timestamp": 1777086040.103382,
  "baseline_ms": 0.13723714999999986,
  "results": {
    "message_copy": {
      "avg_ms": 0.09155220000000021,
      "p50_ms": 0.08820800000000628,
      "p95_ms": 0.10616699999999729
    },
    "message_inplace": {
      "avg_ms": 0.0008988820000003506,
      "p50_ms": 0.0009159999999897028,
      "p95_ms": 0.000917000000016932
    },
    "json_serde": {
      "avg_ms": 0.03834456900000019,
      "p50_ms": 0.03729199999999433,
      "p95_ms": 0.04166700000002299
    },
    "state_access": {
      "avg_ms": 0.0007340380999999479,
      "p50_ms": 0.0003749999999969056,
      "p95_ms": 0.0007919999999994598
    }
  }
}